-- phpMyAdmin SQL Dump
-- version 5.2.1
-- https://www.phpmyadmin.net/
--
-- Host: 127.0.0.1
-- Generation Time: 23 مايو 2026 الساعة 20:21
-- إصدار الخادم: 10.4.32-MariaDB
-- PHP Version: 8.2.12

SET SQL_MODE = "NO_AUTO_VALUE_ON_ZERO";
START TRANSACTION;
SET time_zone = "+00:00";


/*!40101 SET @OLD_CHARACTER_SET_CLIENT=@@CHARACTER_SET_CLIENT */;
/*!40101 SET @OLD_CHARACTER_SET_RESULTS=@@CHARACTER_SET_RESULTS */;
/*!40101 SET @OLD_COLLATION_CONNECTION=@@COLLATION_CONNECTION */;
/*!40101 SET NAMES utf8mb4 */;

--
-- Database: `course_registration`
--

-- --------------------------------------------------------

--
-- بنية الجدول `admins`
--

CREATE TABLE `admins` (
  `id` int(11) NOT NULL,
  `name` varchar(100) NOT NULL,
  `email` varchar(150) NOT NULL,
  `password` varchar(255) NOT NULL
) ENGINE=InnoDB DEFAULT CHARSET=utf8mb4 COLLATE=utf8mb4_unicode_ci;

--
-- إرجاع أو استيراد بيانات الجدول `admins`
--

INSERT INTO `admins` (`id`, `name`, `email`, `password`) VALUES
(1, 'Mohammed Aljabri', 'admin@test.com', '$2y$10$gulBr7A.o.9ZhaLqjb0owOxWUs11X3zpiJX2ffKroo9HCUqfo7KxW');

-- --------------------------------------------------------

--
-- بنية الجدول `completed_courses`
--

CREATE TABLE `completed_courses` (
  `id` int(11) NOT NULL,
  `student_id` int(11) NOT NULL,
  `course_id` int(11) NOT NULL,
  `completion_status` enum('completed','failed','in_progress') NOT NULL DEFAULT 'completed'
) ENGINE=InnoDB DEFAULT CHARSET=utf8mb4 COLLATE=utf8mb4_unicode_ci;

--
-- إرجاع أو استيراد بيانات الجدول `completed_courses`
--

INSERT INTO `completed_courses` (`id`, `student_id`, `course_id`, `completion_status`) VALUES
(1, 1, 1, 'completed'),
(2, 2, 1, 'completed'),
(3, 3, 1, 'completed');

-- --------------------------------------------------------

--
-- بنية الجدول `courses`
--

CREATE TABLE `courses` (
  `id` int(11) NOT NULL,
  `course_code` varchar(20) NOT NULL,
  `title` varchar(150) NOT NULL,
  `description` text DEFAULT NULL,
  `credits` int(11) NOT NULL DEFAULT 3,
  `capacity` int(11) NOT NULL DEFAULT 30
) ENGINE=InnoDB DEFAULT CHARSET=utf8mb4 COLLATE=utf8mb4_unicode_ci;

--
-- إرجاع أو استيراد بيانات الجدول `courses`
--

INSERT INTO `courses` (`id`, `course_code`, `title`, `description`, `credits`, `capacity`) VALUES
(1, 'CS101', 'Introduction to Programming', 'Basics of programming using Python.', 3, 30),
(2, 'CS102', 'Web Development', 'HTML, CSS, JavaScript and PHP.', 3, 25),
(3, 'CS103', 'Database Systems', 'Relational databases and SQL.', 3, 25),
(4, 'CS104', 'Computer Networks', 'Network models, protocols, and security.', 3, 20),
(5, 'CS105', 'Operating Systems', 'Processes, memory, and file systems.', 3, 20),
(7, 'CS107', 'Softwere Engenering', '', 4, 15);

-- --------------------------------------------------------

--
-- بنية الجدول `course_prerequisites`
--

CREATE TABLE `course_prerequisites` (
  `id` int(11) NOT NULL,
  `course_id` int(11) NOT NULL,
  `prerequisite_course_id` int(11) NOT NULL
) ENGINE=InnoDB DEFAULT CHARSET=utf8mb4 COLLATE=utf8mb4_unicode_ci;

--
-- إرجاع أو استيراد بيانات الجدول `course_prerequisites`
--

INSERT INTO `course_prerequisites` (`id`, `course_id`, `prerequisite_course_id`) VALUES
(2, 3, 1),
(4, 3, 2),
(3, 4, 2);

-- --------------------------------------------------------

--
-- بنية الجدول `registrations`
--

CREATE TABLE `registrations` (
  `id` int(11) NOT NULL,
  `student_id` int(11) NOT NULL,
  `course_id` int(11) NOT NULL,
  `registration_date` datetime NOT NULL DEFAULT current_timestamp()
) ENGINE=InnoDB DEFAULT CHARSET=utf8mb4 COLLATE=utf8mb4_unicode_ci;

--
-- إرجاع أو استيراد بيانات الجدول `registrations`
--

INSERT INTO `registrations` (`id`, `student_id`, `course_id`, `registration_date`) VALUES
(23, 3, 1, '2026-05-23 11:04:16'),
(24, 1, 5, '2026-05-23 11:10:49');

-- --------------------------------------------------------

--
-- بنية الجدول `students`
--

CREATE TABLE `students` (
  `id` int(11) NOT NULL,
  `student_number` varchar(20) NOT NULL,
  `name` varchar(100) NOT NULL,
  `email` varchar(150) NOT NULL,
  `password` varchar(255) NOT NULL
) ENGINE=InnoDB DEFAULT CHARSET=utf8mb4 COLLATE=utf8mb4_unicode_ci;

--
-- إرجاع أو استيراد بيانات الجدول `students`
--

INSERT INTO `students` (`id`, `student_number`, `name`, `email`, `password`) VALUES
(1, '231102', 'Hosam Tarade', 'hosam@test.com', '$2y$10$gulBr7A.o.9ZhaLqjb0owOxWUs11X3zpiJX2ffKroo9HCUqfo7KxW'),
(2, '231114', 'Bahaa Zaheda', 'bahaa@test.com', '$2y$10$gulBr7A.o.9ZhaLqjb0owOxWUs11X3zpiJX2ffKroo9HCUqfo7KxW'),
(3, '231087', 'Zaid Fanoun', 'zaid@test.com', '$2y$10$gulBr7A.o.9ZhaLqjb0owOxWUs11X3zpiJX2ffKroo9HCUqfo7KxW');

--
-- Indexes for dumped tables
--

--
-- Indexes for table `admins`
--
ALTER TABLE `admins`
  ADD PRIMARY KEY (`id`),
  ADD UNIQUE KEY `email` (`email`);

--
-- Indexes for table `completed_courses`
--
ALTER TABLE `completed_courses`
  ADD PRIMARY KEY (`id`),
  ADD UNIQUE KEY `uq_completed` (`student_id`,`course_id`),
  ADD KEY `course_id` (`course_id`);

--
-- Indexes for table `courses`
--
ALTER TABLE `courses`
  ADD PRIMARY KEY (`id`),
  ADD UNIQUE KEY `course_code` (`course_code`);

--
-- Indexes for table `course_prerequisites`
--
ALTER TABLE `course_prerequisites`
  ADD PRIMARY KEY (`id`),
  ADD UNIQUE KEY `uq_prereq` (`course_id`,`prerequisite_course_id`),
  ADD KEY `prerequisite_course_id` (`prerequisite_course_id`);

--
-- Indexes for table `registrations`
--
ALTER TABLE `registrations`
  ADD PRIMARY KEY (`id`),
  ADD UNIQUE KEY `uq_registration` (`student_id`,`course_id`),
  ADD KEY `course_id` (`course_id`);

--
-- Indexes for table `students`
--
ALTER TABLE `students`
  ADD PRIMARY KEY (`id`),
  ADD UNIQUE KEY `student_number` (`student_number`),
  ADD UNIQUE KEY `email` (`email`);

--
-- AUTO_INCREMENT for dumped tables
--

--
-- AUTO_INCREMENT for table `admins`
--
ALTER TABLE `admins`
  MODIFY `id` int(11) NOT NULL AUTO_INCREMENT, AUTO_INCREMENT=2;

--
-- AUTO_INCREMENT for table `completed_courses`
--
ALTER TABLE `completed_courses`
  MODIFY `id` int(11) NOT NULL AUTO_INCREMENT, AUTO_INCREMENT=4;

--
-- AUTO_INCREMENT for table `courses`
--
ALTER TABLE `courses`
  MODIFY `id` int(11) NOT NULL AUTO_INCREMENT, AUTO_INCREMENT=9;

--
-- AUTO_INCREMENT for table `course_prerequisites`
--
ALTER TABLE `course_prerequisites`
  MODIFY `id` int(11) NOT NULL AUTO_INCREMENT, AUTO_INCREMENT=5;

--
-- AUTO_INCREMENT for table `registrations`
--
ALTER TABLE `registrations`
  MODIFY `id` int(11) NOT NULL AUTO_INCREMENT, AUTO_INCREMENT=25;

--
-- AUTO_INCREMENT for table `students`
--
ALTER TABLE `students`
  MODIFY `id` int(11) NOT NULL AUTO_INCREMENT, AUTO_INCREMENT=4;

--
-- قيود الجداول المُلقاة.
--

--
-- قيود الجداول `completed_courses`
--
ALTER TABLE `completed_courses`
  ADD CONSTRAINT `completed_courses_ibfk_1` FOREIGN KEY (`student_id`) REFERENCES `students` (`id`) ON DELETE CASCADE,
  ADD CONSTRAINT `completed_courses_ibfk_2` FOREIGN KEY (`course_id`) REFERENCES `courses` (`id`) ON DELETE CASCADE;

--
-- قيود الجداول `course_prerequisites`
--
ALTER TABLE `course_prerequisites`
  ADD CONSTRAINT `course_prerequisites_ibfk_1` FOREIGN KEY (`course_id`) REFERENCES `courses` (`id`) ON DELETE CASCADE,
  ADD CONSTRAINT `course_prerequisites_ibfk_2` FOREIGN KEY (`prerequisite_course_id`) REFERENCES `courses` (`id`) ON DELETE CASCADE;

--
-- قيود الجداول `registrations`
--
ALTER TABLE `registrations`
  ADD CONSTRAINT `registrations_ibfk_1` FOREIGN KEY (`student_id`) REFERENCES `students` (`id`) ON DELETE CASCADE,
  ADD CONSTRAINT `registrations_ibfk_2` FOREIGN KEY (`course_id`) REFERENCES `courses` (`id`) ON DELETE CASCADE;
COMMIT;

/*!40101 SET CHARACTER_SET_CLIENT=@OLD_CHARACTER_SET_CLIENT */;
/*!40101 SET CHARACTER_SET_RESULTS=@OLD_CHARACTER_SET_RESULTS */;
/*!40101 SET COLLATION_CONNECTION=@OLD_COLLATION_CONNECTION */;
